{
  "loss": [
    24954.38671875,
    9208.5703125,
    6003.990234375,
    5536.8955078125,
    5268.14599609375,
    5038.58544921875,
    4727.82861328125,
    4546.8115234375,
    4381.92236328125,
    4185.427734375,
    4118.078125,
    3995.1845703125,
    3796.6513671875,
    3698.751220703125,
    3543.102783203125,
    3417.1064453125,
    3242.147216796875,
    3231.957275390625,
    3157.166259765625,
    2981.993408203125,
    2852.9775390625,
    2735.151611328125,
    2611.47265625,
    2526.63134765625,
    2454.66455078125,
    2355.31103515625,
    2297.413818359375,
    2219.13623046875,
    2209.649169921875,
    2142.76953125,
    2127.003173828125,
    2072.471923828125,
    1973.0543212890625,
    1940.210205078125,
    1848.225341796875,
    1877.9903564453125,
    1845.4892578125,
    1775.670166015625,
    1760.1302490234375,
    1781.348876953125,
    1681.4825439453125,
    1690.86083984375,
    1617.0611572265625,
    1659.1234130859375,
    1583.9940185546875,
    1544.252197265625,
    1539.8958740234375,
    1528.1461181640625,
    1510.1954345703125,
    1521.5494384765625,
    1436.35302734375,
    1478.0570068359375,
    1461.679931640625,
    1414.87646484375,
    1389.077392578125,
    1404.0845947265625,
    1408.038330078125,
    1389.595947265625,
    1319.930419921875,
    1322.1749267578125,
    1302.0802001953125,
    1286.748779296875,
    1326.48486328125,
    1301.02490234375,
    1187.615966796875,
    1124.320556640625,
    1104.706787109375,
    1075.935302734375,
    1066.5057373046875,
    1071.6954345703125,
    1048.9404296875,
    994.1533813476562
  ],
  "mae": [
    105.79325866699219,
    58.41544723510742,
    49.35752487182617,
    47.95716857910156,
    46.781944274902344,
    45.49646759033203,
    44.05192184448242,
    43.0747184753418,
    42.36767578125,
    41.49955749511719,
    40.987586975097656,
    40.45787048339844,
    39.414615631103516,
    38.84315872192383,
    38.161285400390625,
    37.38725280761719,
    36.43342208862305,
    36.348297119140625,
    35.87327194213867,
    35.050926208496094,
    34.205650329589844,
    33.602989196777344,
    32.84733963012695,
    32.22579574584961,
    31.95417022705078,
    31.3701114654541,
    30.921327590942383,
    30.609949111938477,
    30.375144958496094,
    29.872655868530273,
    29.893516540527344,
    29.374006271362305,
    28.90128517150879,
    28.719022750854492,
    28.031518936157227,
    28.22002410888672,
    27.856971740722656,
    27.406095504760742,
    27.23180389404297,
    27.42285919189453,
    26.590476989746094,
    26.7170467376709,
    26.20122528076172,
    26.478086471557617,
    25.996662139892578,
    25.81171417236328,
    25.62820816040039,
    25.473255157470703,
    25.35800552368164,
    25.524192810058594,
    24.782373428344727,
    25.008352279663086,
    24.943395614624023,
    24.629518508911133,
    24.3807315826416,
    24.55093002319336,
    24.444095611572266,
    24.303586959838867,
    23.715425491333008,
    23.75232696533203,
    23.653505325317383,
    23.43636131286621,
    23.725656509399414,
    23.593942642211914,
    22.752586364746094,
    22.139694213867188,
    22.00455093383789,
    21.78030014038086,
    21.672956466674805,
    21.644474029541016,
    21.487394332885742,
    20.931884765625
  ],
  "val_loss": [
    3256.408935546875,
    2290.506103515625,
    2080.7607421875,
    2105.357177734375,
    2235.25732421875,
    2376.818115234375,
    2244.032470703125,
    2226.704345703125,
    1656.698486328125,
    1551.952880859375,
    1760.5025634765625,
    1402.1036376953125,
    1238.41845703125,
    1555.0146484375,
    1076.8140869140625,
    1365.37841796875,
    1452.672119140625,
    1073.37548828125,
    984.5548095703125,
    995.68994140625,
    943.2872924804688,
    938.2840576171875,
    870.214111328125,
    913.197021484375,
    957.561767578125,
    632.7586059570312,
    797.0780639648438,
    703.0855102539062,
    895.955078125,
    654.41552734375,
    572.2401123046875,
    500.9365539550781,
    1116.0364990234375,
    472.5806579589844,
    665.765625,
    391.1091003417969,
    499.6273498535156,
    758.7748413085938,
    660.4395751953125,
    849.4898681640625,
    378.7729797363281,
    365.1177062988281,
    399.80975341796875,
    385.31884765625,
    519.495361328125,
    507.0700988769531,
    400.6762390136719,
    378.5272521972656,
    352.7610168457031,
    483.9143981933594,
    371.9898986816406,
    383.44744873046875,
    379.91510009765625,
    353.2328186035156,
    336.5997009277344,
    472.3088073730469,
    301.52447509765625,
    376.6288146972656,
    485.7343444824219,
    310.6500244140625,
    432.3440246582031,
    386.584228515625,
    325.81982421875,
    354.2308654785156,
    382.3079833984375,
    348.3106384277344,
    342.2748107910156,
    339.8173828125,
    341.3041687011719,
    321.91400146484375,
    376.7373352050781,
    340.1520080566406
  ],
  "val_mae": [
    36.390628814697266,
    30.569047927856445,
    29.2731990814209,
    29.13638687133789,
    29.394601821899414,
    30.50241470336914,
    28.581302642822266,
    29.0153865814209,
    24.50526237487793,
    24.0082950592041,
    25.423070907592773,
    22.772205352783203,
    21.058441162109375,
    24.289840698242188,
    19.21895980834961,
    22.72530174255371,
    23.02478790283203,
    19.27204132080078,
    18.87368392944336,
    19.57249641418457,
    19.342042922973633,
    18.601022720336914,
    18.069927215576172,
    18.959552764892578,
    19.40780258178711,
    15.935508728027344,
    17.45531463623047,
    16.79472541809082,
    19.260292053222656,
    15.748624801635742,
    15.068058013916016,
    14.012325286865234,
    21.3562068939209,
    14.272653579711914,
    16.929407119750977,
    12.62283706665039,
    14.160279273986816,
    17.70401382446289,
    16.457109451293945,
    18.54039764404297,
    12.410374641418457,
    12.317190170288086,
    12.866671562194824,
    12.79474925994873,
    15.044415473937988,
    14.433141708374023,
    13.173095703125,
    12.360429763793945,
    12.216324806213379,
    14.29942798614502,
    12.647546768188477,
    12.974748611450195,
    12.756949424743652,
    12.55754566192627,
    12.428727149963379,
    14.21534252166748,
    11.614013671875,
    12.869861602783203,
    14.678415298461914,
    11.77381420135498,
    13.74695110321045,
    13.345130920410156,
    12.096675872802734,
    12.692641258239746,
    13.298920631408691,
    12.581060409545898,
    12.47536563873291,
    12.695521354675293,
    12.666250228881836,
    12.326681137084961,
    13.292856216430664,
    12.793950080871582
  ],